微信支付账单明细,,,,,,,,
微信昵称：[可口可爱],,,,,,,,
起始时间：[2019-11-28 00:00:00] 终止时间：[2019-12-28 10:49:16],,,,,,,,
导出类型：[全部],,,,,,,,
导出时间：[2019-12-28 10:50:11],,,,,,,,
,,,,,,,,
共147笔记录,,,,,,,,
收入：147笔 44104.00元,,,,,,,,
支出：0笔 0.00元,,,,,,,,
中性交易：0笔 0.00元,,,,,,,,
注：,,,,,,,,
1. 充值/提现/理财通购买/零钱通存取/信用卡还款等交易，将计入中性交易,,,,,,,,
2. 本明细仅展示当前账单中的交易，不包括已删除的记录,,,,,,,,
3. 本明细仅供个人对账使用,,,,,,,,
,,,,,,,,
----------------------微信支付账单明细列表--------------------,,,,,,,,
交易时间,交易类型,交易对方,商品,收/支,金额(元),支付方式,当前状态,交易单号,商户单号,备注
2019-12-27 13:34:00,转账,Ying-桃桃🍑,"转账备注:微信转账",收入,¥663.00,/,已存入零钱,1000050001201912270204558122156	,/	,"/"
2019-12-26 23:03:28,微信红包,Jun-桃桃🍑,"/",收入,¥10.00,/,已存入零钱,1000039401000912267012064303462	,1000039401201912267012064303462	,"/"
2019-12-25 23:48:08,转账,Jun-桃桃🍑,"转账备注:家属价",收入,¥947.00,/,已存入零钱,1000050101201912251609931536878	,/	,"/"
2019-12-25 23:45:45,微信红包,Jun-桃桃🍑,"/",收入,¥90.00,/,已存入零钱,1000039401000912257026090403113	,1000039401201912257026090403113	,"/"
2019-12-25 23:40:26,转账,Ying-桃桃🍑,"转账备注:微信转账",收入,¥338.00,/,已存入零钱,1000050101201912250209563211656	,/	,"/"
2019-12-25 23:40:21,转账,Jun-桃桃🍑,"转账备注:红姐天气丹",收入,¥1398.00,/,已存入零钱,1000050101201912250609694945268	,/	,"/"
2019-12-25 23:40:18,转账,Jun-桃桃🍑,"转账备注:雅诗兰黛眼霜加邮费",收入,¥376.00,/,已存入零钱,1000050101201912250409662028029	,/	,"/"
2019-12-25 00:14:12,转账,Ying-桃桃🍑,"转账备注:大嫂拉8元",收入,¥8.00,/,已存入零钱,1000050101201912251709586637138	,/	,"/"
2019-12-24 23:47:53,转账,Jun-桃桃🍑,"转账备注:小思绪",收入,¥484.00,/,已存入零钱,1000050101201912241809546258935	,/	,"/"
2019-12-24 23:45:04,转账,Jun-桃桃🍑,"转账备注:天率丹尾款",收入,¥1288.00,/,已存入零钱,1000050101201912241309568145231	,/	,"/"
2019-12-24 23:45:01,转账,Jun-桃桃🍑,"转账备注:天气丹孙哥",收入,¥1398.00,/,已存入零钱,1000050101201912240609539223771	,/	,"/"
2019-12-24 23:40:35,转账,Ying-桃桃🍑,"转账备注:微信转账",收入,¥1770.00,/,已存入零钱,1000050101201912241309255298657	,/	,"/"
2019-12-24 23:40:27,转账,Ying-桃桃🍑,"转账备注:懒喵余款",收入,¥1650.00,/,已存入零钱,1000050101201912241009287052857	,/	,"/"
2019-12-24 23:40:22,转账,Ying-桃桃🍑,"转账备注:微信转账",收入,¥940.00,/,已存入零钱,1000050101201912240909283212390	,/	,"/"
2019-12-24 23:40:19,转账,Ying-桃桃🍑,"转账备注:微信转账",收入,¥160.00,/,已存入零钱,1000050101201912240409315704010	,/	,"/"
2019-12-24 23:40:14,转账,Ying-桃桃🍑,"转账备注:微信转账",收入,¥398.00,/,已存入零钱,1000050101201912241609407542248	,/	,"/"
2019-12-24 23:40:10,转账,Ying-桃桃🍑,"转账备注:微信转账",收入,¥720.00,/,已存入零钱,1000050101201912240209521612514	,/	,"/"
2019-12-23 21:36:02,转账,Ying-桃桃🍑,"转账备注:微信转账",收入,¥450.00,/,已存入零钱,1000050101201912230609095749607	,/	,"/"
2019-12-23 21:34:37,转账,Ying-桃桃🍑,"转账备注:微信转账",收入,¥624.00,/,已存入零钱,1000050101201912230609125627868	,/	,"/"
2019-12-23 21:34:34,转账,Ying-桃桃🍑,"转账备注:微信转账",收入,¥406.00,/,已存入零钱,1000050101201912231409144809437	,/	,"/"
2019-12-23 21:28:28,转账,Ying-桃桃🍑,"转账备注:微信转账",收入,¥378.00,/,已存入零钱,1000050101201912231809130307690	,/	,"/"
2019-12-23 21:27:41,转账,Ying-桃桃🍑,"转账备注:微信转账",收入,¥338.00,/,已存入零钱,1000050101201912230409144944010	,/	,"/"
2019-12-23 20:41:16,转账,Ying-桃桃🍑,"转账备注:微信转账",收入,¥2800.00,/,已存入零钱,1000050101201912231609081548616	,/	,"/"
2019-12-23 20:41:09,微信红包,Jun-桃桃🍑,"/",收入,¥80.00,/,已存入零钱,1000039501000912237012763541664	,1000039501201912237012763541664	,"/"
2019-12-23 20:41:05,微信红包,Jun-桃桃🍑,"/",收入,¥200.00,/,已存入零钱,1000039501000912237012753131909	,1000039501201912237012753131909	,"/"
2019-12-23 01:08:09,转账,Ying-桃桃🍑,"转账备注:微信转账",收入,¥158.00,/,已存入零钱,1000050101201912230908727729094	,/	,"/"
2019-12-23 00:52:35,转账,Ying-桃桃🍑,"转账备注:眼影",收入,¥190.00,/,已存入零钱,1000050101201912230408756488944	,/	,"/"
2019-12-23 00:52:27,转账,Ying-桃桃🍑,"转账备注:Tf80",收入,¥280.00,/,已存入零钱,1000050101201912231008732137727	,/	,"/"
2019-12-23 00:52:22,转账,Ying-桃桃🍑,"转账备注:羽毛气垫和睡眠面膜",收入,¥680.00,/,已存入零钱,1000050101201912231208753278875	,/	,"/"
2019-12-23 00:52:16,转账,Ying-桃桃🍑,"转账备注:405",收入,¥200.00,/,已存入零钱,1000050101201912230608714708293	,/	,"/"
2019-12-23 00:52:10,转账,Ying-桃桃🍑,"转账备注:短袖",收入,¥168.00,/,已存入零钱,1000050101201912231408794948069	,/	,"/"
2019-12-23 00:52:05,转账,Ying-桃桃🍑,"转账备注:卫衣",收入,¥388.00,/,已存入零钱,1000050101201912230808775018763	,/	,"/"
2019-12-23 00:52:00,转账,Ying-桃桃🍑,"转账备注:卫衣",收入,¥2328.00,/,已存入零钱,1000050101201912231208806315673	,/	,"/"
2019-12-23 00:51:55,转账,Ying-桃桃🍑,"转账备注:微信转账",收入,¥616.00,/,已存入零钱,1000050101201912230008744739304	,/	,"/"
2019-12-23 00:51:51,转账,Ying-桃桃🍑,"转账备注:围巾",收入,¥120.00,/,已存入零钱,1000050101201912230908767863346	,/	,"/"
2019-12-23 00:51:45,转账,Ying-桃桃🍑,"转账备注:口红416",收入,¥260.00,/,已存入零钱,1000050101201912230708763299298	,/	,"/"
2019-12-23 00:42:12,微信红包,Jun-桃桃🍑,"/",收入,¥14.00,/,已存入零钱,1000039501000912237000312632858	,1000039501201912237000312632858	,"/"
2019-12-23 00:40:49,微信红包,Jun-桃桃🍑,"/",收入,¥148.00,/,已存入零钱,1000039501000912237000320499813	,1000039501201912237000320499813	,"/"
2019-12-23 00:37:01,微信红包,Jun-桃桃🍑,"/",收入,¥188.00,/,已存入零钱,1000039501000912237000293599668	,1000039501201912237000293599668	,"/"
2019-12-23 00:36:40,微信红包,Jun-桃桃🍑,"/",收入,¥177.00,/,已存入零钱,1000039501000912237000280349639	,1000039501201912237000280349639	,"/"
2019-12-23 00:36:33,微信红包,Jun-桃桃🍑,"/",收入,¥200.00,/,已存入零钱,1000039501000912237000250417780	,1000039501201912237000250417780	,"/"
2019-12-23 00:36:29,微信红包,Jun-桃桃🍑,"/",收入,¥200.00,/,已存入零钱,1000039501000912237000214809775	,1000039501201912237000214809775	,"/"
2019-12-23 00:36:17,转账,Jun-桃桃🍑,"转账备注:mlb羽绒服",收入,¥1500.00,/,已存入零钱,1000050101201912230208806615170	,/	,"/"
2019-12-22 00:26:30,微信红包,Ying-桃桃🍑,"/",收入,¥30.00,/,已存入零钱,1000039501000912227000034661677	,1000039501201912227000034661677	,"/"
2019-12-22 00:00:48,微信红包,Jun-桃桃🍑,"/",收入,¥48.00,/,已存入零钱,1000039501000912217019114749707	,1000039501201912217019114749707	,"/"
2019-12-22 00:00:43,微信红包,Ying-桃桃🍑,"/",收入,¥180.00,/,已存入零钱,1000039501000912217019114498889	,1000039501201912217019114498889	,"/"
2019-12-22 00:00:38,微信红包,Ying-桃桃🍑,"/",收入,¥30.00,/,已存入零钱,1000039501000912217019093284886	,1000039501201912217019093284886	,"/"
2019-12-22 00:00:33,微信红包,Ying-桃桃🍑,"/",收入,¥75.00,/,已存入零钱,1000039501000912217017691611624	,1000039501201912217017691611624	,"/"
2019-12-22 00:00:17,转账,Ying-桃桃🍑,"转账备注:微信转账",收入,¥256.00,/,已存入零钱,1000050101201912211108385154754	,/	,"/"
2019-12-22 00:00:08,转账,Ying-桃桃🍑,"转账备注:微信转账",收入,¥1000.00,/,已存入零钱,1000050101201912211608407305028	,/	,"/"
2019-12-22 00:00:02,转账,Ying-桃桃🍑,"转账备注:微信转账",收入,¥1750.00,/,已存入零钱,1000050101201912211308392608920	,/	,"/"
2019-12-21 23:59:56,转账,Ying-桃桃🍑,"转账备注:微信转账",收入,¥671.00,/,已存入零钱,1000050101201912211608364421634	,/	,"/"
2019-12-21 23:59:49,转账,Ying-桃桃🍑,"转账备注:微信转账",收入,¥500.00,/,已存入零钱,1000050101201912210908416857950	,/	,"/"
2019-12-21 23:59:43,转账,Ying-桃桃🍑,"转账备注:微信转账",收入,¥366.00,/,已存入零钱,1000050101201912211508425961398	,/	,"/"
2019-12-21 23:59:35,转账,Ying-桃桃🍑,"转账备注:微信转账",收入,¥500.00,/,已存入零钱,1000050101201912210608388956247	,/	,"/"
2019-12-21 23:46:57,微信红包,Jun-桃桃🍑,"/",收入,¥30.00,/,已存入零钱,1000039501000912217019014931778	,1000039501201912217019014931778	,"/"
2019-12-21 23:46:50,微信红包,Jun-桃桃🍑,"/",收入,¥200.00,/,已存入零钱,1000039501000912217018984320694	,1000039501201912217018984320694	,"/"
2019-12-21 23:46:45,微信红包,Jun-桃桃🍑,"/",收入,¥80.00,/,已存入零钱,1000039501000912217018672574636	,1000039501201912217018672574636	,"/"
2019-12-21 23:46:39,微信红包,Jun-桃桃🍑,"/",收入,¥200.00,/,已存入零钱,1000039501000912217017650160766	,1000039501201912217017650160766	,"/"
2019-12-21 23:46:34,微信红包,Jun-桃桃🍑,"/",收入,¥200.00,/,已存入零钱,1000039501000912217018662409905	,1000039501201912217018662409905	,"/"
2019-12-21 23:46:29,微信红包,Jun-桃桃🍑,"/",收入,¥48.00,/,已存入零钱,1000039501000912217017630147614	,1000039501201912217017630147614	,"/"
2019-12-21 23:46:22,微信红包,Jun-桃桃🍑,"/",收入,¥168.00,/,已存入零钱,1000039501000912217018934796868	,1000039501201912217018934796868	,"/"
2019-12-21 23:46:18,微信红包,Jun-桃桃🍑,"/",收入,¥78.00,/,已存入零钱,1000039501000912217017581666861	,1000039501201912217017581666861	,"/"
2019-12-21 23:46:12,微信红包,Jun-桃桃🍑,"/",收入,¥38.00,/,已存入零钱,1000039501000912217018633972782	,1000039501201912217018633972782	,"/"
2019-12-21 23:46:06,微信红包,Jun-桃桃🍑,"/",收入,¥200.00,/,已存入零钱,1000039501000912217017581665824	,1000039501201912217017581665824	,"/"
2019-12-21 23:46:02,微信红包,Jun-桃桃🍑,"/",收入,¥101.00,/,已存入零钱,1000039501000912217017570875868	,1000039501201912217017570875868	,"/"
2019-12-21 23:45:57,微信红包,Jun-桃桃🍑,"/",收入,¥200.00,/,已存入零钱,1000039501000912217018933496897	,1000039501201912217018933496897	,"/"
2019-12-21 23:45:50,微信红包,Jun-桃桃🍑,"/",收入,¥200.00,/,已存入零钱,1000039501000912217018602629814	,1000039501201912217018602629814	,"/"
2019-12-21 23:45:45,微信红包,Ying-桃桃🍑,"/",收入,¥30.00,/,已存入零钱,1000039501000912217018592813792	,1000039501201912217018592813792	,"/"
2019-12-21 23:45:37,微信红包,Ying-桃桃🍑,"/",收入,¥20.00,/,已存入零钱,1000039501000912217018894517758	,1000039501201912217018894517758	,"/"
2019-12-21 23:45:32,微信红包,Ying-桃桃🍑,"/",收入,¥200.00,/,已存入零钱,1000039501000912217018562303727	,1000039501201912217018562303727	,"/"
2019-12-21 23:45:27,微信红包,Ying-桃桃🍑,"/",收入,¥200.00,/,已存入零钱,1000039501000912217018592484877	,1000039501201912217018592484877	,"/"
2019-12-21 23:45:22,微信红包,Ying-桃桃🍑,"/",收入,¥48.00,/,已存入零钱,1000039501000912217018542964614	,1000039501201912217018542964614	,"/"
2019-12-20 21:41:12,微信红包,Jun-桃桃🍑,"/",收入,¥198.00,/,已存入零钱,1000039501000912207019921177623	,1000039501201912207019921177623	,"/"
2019-12-20 21:40:44,微信红包,Jun-桃桃🍑,"/",收入,¥200.00,/,已存入零钱,1000039501000912207020293446727	,1000039501201912207020293446727	,"/"
2019-12-20 21:40:34,微信红包,Jun-桃桃🍑,"/",收入,¥200.00,/,已存入零钱,1000039501000912207020293135706	,1000039501201912207020293135706	,"/"
2019-12-20 21:40:29,微信红包,Jun-桃桃🍑,"/",收入,¥56.00,/,已存入零钱,1000039501000912207019923161811	,1000039501201912207019923161811	,"/"
2019-12-20 21:40:24,微信红包,Jun-桃桃🍑,"/",收入,¥200.00,/,已存入零钱,1000039501000912207018851293652	,1000039501201912207018851293652	,"/"
2019-12-20 21:40:19,微信红包,Jun-桃桃🍑,"/",收入,¥200.00,/,已存入零钱,1000039501000912207018800755715	,1000039501201912207018800755715	,"/"
2019-12-20 21:40:06,微信红包,Jun-桃桃🍑,"/",收入,¥200.00,/,已存入零钱,1000039501000912207019892173658	,1000039501201912207019892173658	,"/"
2019-12-20 21:38:45,微信红包,Jun-桃桃🍑,"/",收入,¥200.00,/,已存入零钱,1000039501000912207018821035775	,1000039501201912207018821035775	,"/"
2019-12-20 21:38:37,微信红包,Jun-桃桃🍑,"/",收入,¥178.00,/,已存入零钱,1000039501000912207019901009637	,1000039501201912207019901009637	,"/"
2019-12-20 21:38:31,微信红包,Jun-桃桃🍑,"/",收入,¥178.00,/,已存入零钱,1000039501000912207018800017874	,1000039501201912207018800017874	,"/"
2019-12-20 06:47:53,微信红包,Ying-桃桃🍑,"/",收入,¥128.00,/,已存入零钱,1000039501000912207004644243669	,1000039501201912207004644243669	,"/"
2019-12-20 06:47:49,微信红包,Ying-桃桃🍑,"/",收入,¥200.00,/,已存入零钱,1000039501000912207004310056832	,1000039501201912207004310056832	,"/"
2019-12-20 06:47:45,微信红包,Ying-桃桃🍑,"/",收入,¥38.00,/,已存入零钱,1000039501000912207004321983652	,1000039501201912207004321983652	,"/"
2019-12-19 22:45:18,微信红包,Ying-桃桃🍑,"/",收入,¥165.00,/,已存入零钱,1000039501000912197017020247736	,1000039501201912197017020247736	,"/"
2019-12-19 22:45:15,微信红包,Ying-桃桃🍑,"/",收入,¥200.00,/,已存入零钱,1000039501000912197018273156796	,1000039501201912197018273156796	,"/"
2019-12-19 13:32:26,微信红包,Jun-桃桃🍑,"/",收入,¥100.00,/,已存入零钱,1000039501000912197004740122766	,1000039501201912197004740122766	,"/"
2019-12-19 13:32:23,微信红包,Jun-桃桃🍑,"/",收入,¥200.00,/,已存入零钱,1000039501000912197005103917740	,1000039501201912197005103917740	,"/"
2019-12-19 13:32:18,微信红包,Jun-桃桃🍑,"/",收入,¥200.00,/,已存入零钱,1000039501000912197004791516723	,1000039501201912197004791516723	,"/"
2019-12-17 13:12:11,微信红包,Ying-桃桃🍑,"/",收入,¥40.00,/,已存入零钱,1000039401000912177005981638871	,1000039401201912177005981638871	,"/"
2019-12-15 22:03:54,微信红包,Ying-桃桃🍑,"/",收入,¥60.00,/,已存入零钱,1000039401000912157005724347914	,1000039401201912157005724347914	,"/"
2019-12-15 22:03:51,微信红包,Ying-桃桃🍑,"/",收入,¥200.00,/,已存入零钱,1000039401000912157005612398698	,1000039401201912157005612398698	,"/"
2019-12-15 06:44:04,微信红包,Jun-桃桃🍑,"/",收入,¥100.00,/,已存入零钱,1000039401000912147018051927808	,1000039401201912147018051927808	,"/"
2019-12-14 11:42:26,微信红包,Ying-桃桃🍑,"/",收入,¥100.00,/,已存入零钱,1000039401000912147004333986832	,1000039401201912147004333986832	,"/"
2019-12-14 11:42:22,微信红包,Jun-桃桃🍑,"/",收入,¥88.00,/,已存入零钱,1000039501000912137014351629728	,1000039501201912137014351629728	,"/"
2019-12-14 11:42:19,微信红包,Jun-桃桃🍑,"/",收入,¥200.00,/,已存入零钱,1000039501000912137014352192804	,1000039501201912137014352192804	,"/"
2019-12-14 11:42:15,微信红包,Jun-桃桃🍑,"/",收入,¥200.00,/,已存入零钱,1000039501000912137014644916815	,1000039501201912137014644916815	,"/"
2019-12-13 11:32:08,微信红包,Ying-桃桃🍑,"/",收入,¥155.00,/,已存入零钱,1000039501000912137004362156657	,1000039501201912137004362156657	,"/"
2019-12-13 09:47:28,微信红包,Jun-桃桃🍑,"/",收入,¥200.00,/,已存入零钱,1000039501000912137002343815622	,1000039501201912137002343815622	,"/"
2019-12-13 09:47:24,微信红包,Jun-桃桃🍑,"/",收入,¥38.00,/,已存入零钱,1000039501000912127014170525671	,1000039501201912127014170525671	,"/"
2019-12-12 10:20:33,微信红包,Ying-桃桃🍑,"/",收入,¥88.00,/,已存入零钱,1000039501000912127003393689725	,1000039501201912127003393689725	,"/"
2019-12-10 13:09:29,微信红包,Ying-桃桃🍑,"/",收入,¥32.00,/,已存入零钱,1000039501000912107006084073719	,1000039501201912107006084073719	,"/"
2019-12-10 13:09:23,微信红包,Ying-桃桃🍑,"/",收入,¥200.00,/,已存入零钱,1000039501000912107005630553799	,1000039501201912107005630553799	,"/"
2019-12-10 13:09:18,微信红包,Ying-桃桃🍑,"/",收入,¥168.00,/,已存入零钱,1000039501000912107005933450700	,1000039501201912107005933450700	,"/"
2019-12-10 12:42:44,微信红包,Jun-桃桃🍑,"/",收入,¥8.00,/,已存入零钱,1000039501000912107004860623848	,1000039501201912107004860623848	,"/"
2019-12-10 12:42:40,微信红包,Jun-桃桃🍑,"/",收入,¥200.00,/,已存入零钱,1000039501000912107005132515815	,1000039501201912107005132515815	,"/"
2019-12-10 12:42:35,微信红包,Jun-桃桃🍑,"/",收入,¥200.00,/,已存入零钱,1000039501000912107004860496685	,1000039501201912107004860496685	,"/"
2019-12-10 12:42:31,微信红包,Jun-桃桃🍑,"/",收入,¥78.00,/,已存入零钱,1000039501000912107005234827804	,1000039501201912107005234827804	,"/"
2019-12-10 12:42:25,微信红包,Jun-桃桃🍑,"/",收入,¥200.00,/,已存入零钱,1000039501000912107005122129820	,1000039501201912107005122129820	,"/"
2019-12-10 12:42:20,微信红包,Jun-桃桃🍑,"/",收入,¥200.00,/,已存入零钱,1000039501000912107005224887824	,1000039501201912107005224887824	,"/"
2019-12-10 12:42:16,微信红包,Jun-桃桃🍑,"/",收入,¥200.00,/,已存入零钱,1000039501000912107005214741721	,1000039501201912107005214741721	,"/"
2019-12-10 12:42:13,微信红包,Jun-桃桃🍑,"/",收入,¥200.00,/,已存入零钱,1000039501000912107004831485751	,1000039501201912107004831485751	,"/"
2019-12-09 21:55:50,微信红包,Jun-桃桃🍑,"/",收入,¥200.00,/,已存入零钱,1000039501000912097003591410774	,1000039501201912097003591410774	,"/"
2019-12-08 14:45:52,微信红包,Jun-桃桃🍑,"/",收入,¥38.00,/,已存入零钱,1000039401000912087003710525634	,1000039401201912087003710525634	,"/"
2019-12-08 14:45:48,微信红包,Jun-桃桃🍑,"/",收入,¥36.00,/,已存入零钱,1000039401000912087003754671689	,1000039401201912087003754671689	,"/"
2019-12-08 14:45:44,微信红包,Jun-桃桃🍑,"/",收入,¥200.00,/,已存入零钱,1000039401000912087004004367797	,1000039401201912087004004367797	,"/"
2019-12-08 14:45:40,微信红包,Jun-桃桃🍑,"/",收入,¥178.00,/,已存入零钱,1000039401000912087003643693839	,1000039401201912087003643693839	,"/"
2019-12-07 22:17:56,微信红包,Jun-桃桃🍑,"/",收入,¥118.00,/,已存入零钱,1000039401000912077017393235729	,1000039401201912077017393235729	,"/"
2019-12-07 22:06:06,微信红包,Jun-桃桃🍑,"/",收入,¥20.00,/,已存入零钱,1000039401000912077017104680793	,1000039401201912077017104680793	,"/"
2019-12-07 13:55:21,微信红包,Ying-桃桃🍑,"/",收入,¥130.00,/,已存入零钱,1000039401000912077006091773789	,1000039401201912077006091773789	,"/"
2019-12-07 13:11:35,微信红包,Jun-桃桃🍑,"/",收入,¥58.00,/,已存入零钱,1000039401000912077004984448738	,1000039401201912077004984448738	,"/"
2019-12-07 13:11:30,微信红包,Jun-桃桃🍑,"/",收入,¥200.00,/,已存入零钱,1000039401000912077004974775871	,1000039401201912077004974775871	,"/"
2019-12-06 16:26:47,微信红包,Ying-桃桃🍑,"/",收入,¥100.00,/,已存入零钱,1000039401000912067009554109813	,1000039401201912067009554109813	,"/"
2019-12-06 16:26:43,微信红包,Ying-桃桃🍑,"/",收入,¥200.00,/,已存入零钱,1000039401000912067008881261861	,1000039401201912067008881261861	,"/"
2019-12-06 16:26:40,微信红包,Ying-桃桃🍑,"/",收入,¥200.00,/,已存入零钱,1000039401000912067009543278734	,1000039401201912067009543278734	,"/"
2019-12-06 16:26:35,微信红包,Ying-桃桃🍑,"/",收入,¥200.00,/,已存入零钱,1000039401000912067009534225620	,1000039401201912067009534225620	,"/"
2019-12-06 16:26:30,微信红包,Ying-桃桃🍑,"/",收入,¥200.00,/,已存入零钱,1000039401000912067009373140706	,1000039401201912067009373140706	,"/"
2019-12-05 22:48:58,微信红包,Ying-桃桃🍑,"/",收入,¥125.00,/,已存入零钱,1000039401000912057012431961836	,1000039401201912057012431961836	,"/"
2019-12-03 21:31:21,微信红包,Ying-桃桃🍑,"/",收入,¥200.00,/,已存入零钱,1000039501000912037012482626654	,1000039501201912037012482626654	,"/"
2019-12-03 21:31:18,微信红包,Ying-桃桃🍑,"/",收入,¥200.00,/,已存入零钱,1000039501000912037012664763664	,1000039501201912037012664763664	,"/"
2019-12-03 21:31:14,微信红包,Ying-桃桃🍑,"/",收入,¥55.00,/,已存入零钱,1000039501000912037003554107760	,1000039501201912037003554107760	,"/"
2019-12-02 22:03:01,微信红包,Jun-桃桃🍑,"/",收入,¥138.00,/,已存入零钱,1000039501000912027015754100830	,1000039501201912027015754100830	,"/"
2019-12-02 22:02:58,微信红包,Jun-桃桃🍑,"/",收入,¥158.00,/,已存入零钱,1000039501000912027014591960675	,1000039501201912027014591960675	,"/"
2019-12-02 22:02:54,微信红包,Ying-桃桃🍑,"/",收入,¥125.00,/,已存入零钱,1000039501000912027013800127852	,1000039501201912027013800127852	,"/"
2019-12-01 21:00:24,微信红包,Jun-桃桃🍑,"/",收入,¥75.00,/,已存入零钱,1000039501000912017015871288776	,1000039501201912017015871288776	,"/"
2019-12-01 19:00:39,微信红包,Ying-桃桃🍑,"/",收入,¥49.00,/,已存入零钱,1000039501000912017013154510758	,1000039501201912017013154510758	,"/"
2019-12-01 01:08:40,微信红包,Ying-桃桃🍑,"/",收入,¥140.00,/,已存入零钱,1000039501000911307007631463651	,1000039501201911307007631463651	,"/"
2019-12-01 01:08:36,微信红包,Ying-桃桃🍑,"/",收入,¥200.00,/,已存入零钱,1000039501000911307008174520821	,1000039501201911307008174520821	,"/"
2019-12-01 01:08:32,微信红包,Ying-桃桃🍑,"/",收入,¥148.00,/,已存入零钱,1000039501000911307003581272770	,1000039501201911307003581272770	,"/"
2019-11-30 08:31:47,微信红包,Jun-桃桃🍑,"/",收入,¥138.00,/,已存入零钱,1000039501000911307001852981876	,1000039501201911307001852981876	,"/"
2019-11-29 21:52:49,微信红包,Jun-桃桃🍑,"/",收入,¥65.00,/,已存入零钱,1000039501000911297004032192904	,1000039501201911297004032192904	,"/"
2019-11-28 20:39:10,微信红包,Ying-桃桃🍑,"/",收入,¥138.00,/,已存入零钱,1000039401000911287015524935910	,1000039401201911287015524935910	,"/"
2019-11-28 20:38:09,微信红包,Jun-桃桃🍑,"/",收入,¥100.00,/,已存入零钱,1000039401000911287004322482711	,1000039401201911287004322482711	,"/"
2019-11-28 20:38:06,微信红包,Jun-桃桃🍑,"/",收入,¥200.00,/,已存入零钱,1000039401000911287004312852805	,1000039401201911287004312852805	,"/"
2019-11-28 20:38:02,微信红包,Jun-桃桃🍑,"/",收入,¥200.00,/,已存入零钱,1000039401000911287004071326791	,1000039401201911287004071326791	,"/"
